INSERT INTO Country VALUES ('Afghanistan','AFN');
INSERT INTO Country VALUES ('Åland Islands','EUR');
INSERT INTO Country VALUES ('Albania','ALL');
INSERT INTO Country VALUES ('Algeria','DZD');
INSERT INTO Country VALUES ('American Samoa','USD');
INSERT INTO Country VALUES ('Andorra','EUR');
INSERT INTO Country VALUES ('Angola','AOA');
INSERT INTO Country VALUES ('Anguilla','XCD');
INSERT INTO Country VALUES ('Antigua and Barbuda','XCD');
INSERT INTO Country VALUES ('Argentina','ARS');
INSERT INTO Country VALUES ('Armenia','AMD');
INSERT INTO Country VALUES ('Aruba','AWG');
INSERT INTO Country VALUES ('Australia','AUD');
INSERT INTO Country VALUES ('Austria','EUR');
INSERT INTO Country VALUES ('Azerbaijan','AZN');
INSERT INTO Country VALUES ('Bahamas','BSD');
INSERT INTO Country VALUES ('Bahrain','BHD');
INSERT INTO Country VALUES ('Bangladesh','BDT');
INSERT INTO Country VALUES ('Barbados','BBD');
INSERT INTO Country VALUES ('Belarus','BYR');
INSERT INTO Country VALUES ('Belgium','EUR');
INSERT INTO Country VALUES ('Belize','BZD');
INSERT INTO Country VALUES ('Benin','XOF');
INSERT INTO Country VALUES ('Bermuda','BMD');
INSERT INTO Country VALUES ('Bhutan','BTN');
INSERT INTO Country VALUES ('Bolivia, Plurinational State of','BOB');
INSERT INTO Country VALUES ('Bonaire, Sint Eustatius and Saba','USD');
INSERT INTO Country VALUES ('Bosnia and Herzegovina','BAM');
INSERT INTO Country VALUES ('Botswana','BWP');
INSERT INTO Country VALUES ('Bouvet Island','NOK');
INSERT INTO Country VALUES ('Brazil','BRL');
INSERT INTO Country VALUES ('British Indian Ocean Territory','USD');
INSERT INTO Country VALUES ('Brunei Darussalam','BND');
INSERT INTO Country VALUES ('Bulgaria','BGN');
INSERT INTO Country VALUES ('Burkina Faso','XOF');
INSERT INTO Country VALUES ('Burundi','BIF');
INSERT INTO Country VALUES ('Cabo Verde','CVE');
INSERT INTO Country VALUES ('Cambodia','KHR');
INSERT INTO Country VALUES ('Cameroon','XAF');
INSERT INTO Country VALUES ('Canada','CAD');
INSERT INTO Country VALUES ('Cayman Islands','KYD');
INSERT INTO Country VALUES ('Central African Republic','XAF');
INSERT INTO Country VALUES ('Chad','XAF');
INSERT INTO Country VALUES ('Chile','CLP');
INSERT INTO Country VALUES ('China','CNY');
INSERT INTO Country VALUES ('Christmas Island','AUD');
INSERT INTO Country VALUES ('Cocos (Keeling) Islands','AUD');
INSERT INTO Country VALUES ('Colombia','COP');
INSERT INTO Country VALUES ('Comoros','KMF');
INSERT INTO Country VALUES ('Congo','XAF');
INSERT INTO Country VALUES ('Congo, Democratic Republic of the','CDF');
INSERT INTO Country VALUES ('Cook Islands','NZD');
INSERT INTO Country VALUES ('Costa Rica','CRC');
INSERT INTO Country VALUES ('Côte D ''Ivoire','XOF');
INSERT INTO Country VALUES ('Croatia','HRK');
INSERT INTO Country VALUES ('Cuba','CUP');
INSERT INTO Country VALUES ('Curaço','ANG');
INSERT INTO Country VALUES ('Cyprus','CYP');
INSERT INTO Country VALUES ('Czech Republic','CZK');
INSERT INTO Country VALUES ('Denmark','DKK');
INSERT INTO Country VALUES ('Djibouti','DJF');
INSERT INTO Country VALUES ('Dominica','XCD');
INSERT INTO Country VALUES ('Dominican Republic','DOP');
INSERT INTO Country VALUES ('Ecuador','USD');
INSERT INTO Country VALUES ('Egypt','EGP');
INSERT INTO Country VALUES ('El Salvador','SVC');
INSERT INTO Country VALUES ('Equatorial Guinea','XAF');
INSERT INTO Country VALUES ('Eritrea','ERN');
INSERT INTO Country VALUES ('Estonia','EUR');
INSERT INTO Country VALUES ('Ethiopia','ETB');
INSERT INTO Country VALUES ('European Economic and Monetary Union area','EUR');
INSERT INTO Country VALUES ('Falkland Islands (Malvinas)','FKP');
INSERT INTO Country VALUES ('Faroe Islands','DKK');
INSERT INTO Country VALUES ('Fiji','FJD');
INSERT INTO Country VALUES ('Finland','EUR');
INSERT INTO Country VALUES ('France','EUR');
INSERT INTO Country VALUES ('French Guiana','EUR');
INSERT INTO Country VALUES ('French Polynesia','XPF');
INSERT INTO Country VALUES ('French Southern Territories','EUR');
INSERT INTO Country VALUES ('Gabon','XAF');
INSERT INTO Country VALUES ('Gambia','GMD');
INSERT INTO Country VALUES ('Georgia','GEL');
INSERT INTO Country VALUES ('Germany','EUR');
INSERT INTO Country VALUES ('Ghana','GHS');
INSERT INTO Country VALUES ('Gibraltar','GIP');
INSERT INTO Country VALUES ('Greece','EUR');
INSERT INTO Country VALUES ('Greenland','DKK');
INSERT INTO Country VALUES ('Grenada','XCD');
INSERT INTO Country VALUES ('Guadeloupe','EUR');
INSERT INTO Country VALUES ('Guam','USD');
INSERT INTO Country VALUES ('Guatemala','GTQ');
INSERT INTO Country VALUES ('Guernsey','GBP');
INSERT INTO Country VALUES ('Guinea','GNF');
INSERT INTO Country VALUES ('Guinea-Bissau','GWP');
INSERT INTO Country VALUES ('Guyana','GYD');
INSERT INTO Country VALUES ('Haiti','HTG');
INSERT INTO Country VALUES ('Heard Island and McDonald Islands','AUD');
INSERT INTO Country VALUES ('Holy See (Vatican City State)','EUR');
INSERT INTO Country VALUES ('Honduras','HNL');
INSERT INTO Country VALUES ('Hong Kong','HKD');
INSERT INTO Country VALUES ('Hungary','HUF');
INSERT INTO Country VALUES ('Iceland','ISK');
INSERT INTO Country VALUES ('India','INR');
INSERT INTO Country VALUES ('Indonesia','IDR');
INSERT INTO Country VALUES ('Iran, Islamic Republic Of','IRR');
INSERT INTO Country VALUES ('Iraq','IQD');
INSERT INTO Country VALUES ('Ireland','EUR');
INSERT INTO Country VALUES ('Isle of Man','GBP');
INSERT INTO Country VALUES ('Israel','ILS');
INSERT INTO Country VALUES ('Italy','EUR');
INSERT INTO Country VALUES ('Jamaica','JMD');
INSERT INTO Country VALUES ('Japan','JPY');
INSERT INTO Country VALUES ('Jersey','GBP');
INSERT INTO Country VALUES ('Jordan','JOD');
INSERT INTO Country VALUES ('Kazakhstan','KZT');
INSERT INTO Country VALUES ('Kenya','KES');
INSERT INTO Country VALUES ('Kiribati','AUD');
INSERT INTO Country VALUES ('Korea, Democratic People ''s Republic of','KPW');
INSERT INTO Country VALUES ('Korea, Republic of','KRW');
INSERT INTO Country VALUES ('Kuwait','KWD');
INSERT INTO Country VALUES ('Kyrgyzstan','KGS');
INSERT INTO Country VALUES ('Lao People''s Democratic Republic','LAK');
INSERT INTO Country VALUES ('Latvia','EUR');
INSERT INTO Country VALUES ('Lebanon','LBP');
INSERT INTO Country VALUES ('Lesotho','LSL');
INSERT INTO Country VALUES ('Liberia','LRD');
INSERT INTO Country VALUES ('Libya','LYD');
INSERT INTO Country VALUES ('Liechtenstein','CHF');
INSERT INTO Country VALUES ('Lithuania','LTL');
INSERT INTO Country VALUES ('Luxembourg','EUR');
INSERT INTO Country VALUES ('Macao','MOP');
INSERT INTO Country VALUES ('Macedonia, The Former Yugoslav Republic of','MKD');
INSERT INTO Country VALUES ('Madagascar','MGA');
INSERT INTO Country VALUES ('Malawi','MWK');
INSERT INTO Country VALUES ('Malaysia','MYR');
INSERT INTO Country VALUES ('Maldives','MVR');
INSERT INTO Country VALUES ('Mali','XOF');
INSERT INTO Country VALUES ('Malta','EUR');
INSERT INTO Country VALUES ('Marshall Islands','USD');
INSERT INTO Country VALUES ('Martinique','EUR');
INSERT INTO Country VALUES ('Mauritania','MRO');
INSERT INTO Country VALUES ('Mauritius','MUR');
INSERT INTO Country VALUES ('Mayotte','EUR');
INSERT INTO Country VALUES ('Mexico','MXN');
INSERT INTO Country VALUES ('Micronesia, Federated States of','USD');
INSERT INTO Country VALUES ('Moldova, Republic of','MDL');
INSERT INTO Country VALUES ('Monaco','EUR');
INSERT INTO Country VALUES ('Mongolia','MNT');
INSERT INTO Country VALUES ('Montenegro','EUR');
INSERT INTO Country VALUES ('Montserrat','XCD');
INSERT INTO Country VALUES ('Morocco','MAD');
INSERT INTO Country VALUES ('Mozambique','MZN');
INSERT INTO Country VALUES ('Myanmar','MMK');
INSERT INTO Country VALUES ('Namibia','NAD');
INSERT INTO Country VALUES ('Nauru','AUD');
INSERT INTO Country VALUES ('Nepal','NPR');
INSERT INTO Country VALUES ('Netherlands','EUR');
INSERT INTO Country VALUES ('Netherlands Antilles','ANG');
INSERT INTO Country VALUES ('New Caledonia','XPF');
INSERT INTO Country VALUES ('New Zealand','NZD');
INSERT INTO Country VALUES ('Nicaragua','NIO');
INSERT INTO Country VALUES ('Niger','XOF');
INSERT INTO Country VALUES ('Nigeria','NGN');
INSERT INTO Country VALUES ('Niue','NZD');
INSERT INTO Country VALUES ('Norfolk Island','AUD');
INSERT INTO Country VALUES ('Northern Mariana Islands','USD');
INSERT INTO Country VALUES ('Norway','NOK');
INSERT INTO Country VALUES ('Oman','OMR');
INSERT INTO Country VALUES ('Pakistan','PKR');
INSERT INTO Country VALUES ('Palau','USD');
INSERT INTO Country VALUES ('Panama','PAB');
INSERT INTO Country VALUES ('Papua New Guinea','PGK');
INSERT INTO Country VALUES ('Paraguay','PYG');
INSERT INTO Country VALUES ('Peru','PEN');
INSERT INTO Country VALUES ('Philippines','PHP');
INSERT INTO Country VALUES ('Pitcairn','NZD');
INSERT INTO Country VALUES ('Poland','PLN');
INSERT INTO Country VALUES ('Portugal','EUR');
INSERT INTO Country VALUES ('Puerto Rico','USD');
INSERT INTO Country VALUES ('Qatar','QAR');
INSERT INTO Country VALUES ('Réunion','EUR');
INSERT INTO Country VALUES ('Romania','RON');
INSERT INTO Country VALUES ('Russian Federation','RUB');
INSERT INTO Country VALUES ('Rwanda','RWF');
INSERT INTO Country VALUES ('Saint Barthélemy','EUR');
INSERT INTO Country VALUES ('Saint Helena, Ascension and Tristan Da Cunha','SHP');
INSERT INTO Country VALUES ('Saint Kitts and Nevis','XCD');
INSERT INTO Country VALUES ('Saint Lucia','XCD');
INSERT INTO Country VALUES ('Saint Martin (French part)','EUR');
INSERT INTO Country VALUES ('Saint Pierre and Miquelon','EUR');
INSERT INTO Country VALUES ('Saint Vincent and The Grenadines','XCD');
INSERT INTO Country VALUES ('Samoa','WST');
INSERT INTO Country VALUES ('San Marino','EUR');
INSERT INTO Country VALUES ('Sao Tome and Principe','STD');
INSERT INTO Country VALUES ('Saudi Arabia','SAR');
INSERT INTO Country VALUES ('Senegal','XOF');
INSERT INTO Country VALUES ('Serbia','RSD');
INSERT INTO Country VALUES ('Seychelles','SCR');
INSERT INTO Country VALUES ('Sierra Leone','SLL');
INSERT INTO Country VALUES ('Singapore','SGD');
INSERT INTO Country VALUES ('Sint Maarten (Dutch part)','ANG');
INSERT INTO Country VALUES ('Slovakia','EUR');
INSERT INTO Country VALUES ('Slovenia','EUR');
INSERT INTO Country VALUES ('Solomon Islands','SBD');
INSERT INTO Country VALUES ('Somalia','SOS');
INSERT INTO Country VALUES ('South Africa','ZAR');
INSERT INTO Country VALUES ('South Sudan','SSP');
INSERT INTO Country VALUES ('Spain','EUR');
INSERT INTO Country VALUES ('Sri Lanka','LKR');
INSERT INTO Country VALUES ('Sudan','SDG');
INSERT INTO Country VALUES ('Suriname','SRD');
INSERT INTO Country VALUES ('Svalbard and Jan Mayen','NOK');
INSERT INTO Country VALUES ('Swaziland','SZL');
INSERT INTO Country VALUES ('Sweden','SEK');
INSERT INTO Country VALUES ('Switzerland','CHF');
INSERT INTO Country VALUES ('Syrian Arab Republic','SYP');
INSERT INTO Country VALUES ('Taiwan, Province of China','TWD');
INSERT INTO Country VALUES ('Tajikistan','TJS');
INSERT INTO Country VALUES ('Tanzania, United Republic of','TZS');
INSERT INTO Country VALUES ('Thailand','THB');
INSERT INTO Country VALUES ('Timor-Leste','USD');
INSERT INTO Country VALUES ('Togo','XOF');
INSERT INTO Country VALUES ('Tokelau','NZD');
INSERT INTO Country VALUES ('Tonga','TOP');
INSERT INTO Country VALUES ('Trinidad and Tobago','TTD');
INSERT INTO Country VALUES ('Tunisia','TND');
INSERT INTO Country VALUES ('Turkey','TRY');
INSERT INTO Country VALUES ('Turkmenistan','TMM');
INSERT INTO Country VALUES ('Turks and Caicos Islands','USD');
INSERT INTO Country VALUES ('Tuvalu','AUD');
INSERT INTO Country VALUES ('Uganda','UGX');
INSERT INTO Country VALUES ('Ukraine','UAH');
INSERT INTO Country VALUES ('United Arab Emirates','AED');
INSERT INTO Country VALUES ('United Kingdom','GBP');
INSERT INTO Country VALUES ('United States','USD');
INSERT INTO Country VALUES ('United States Minor Outlying Islands','USD');
INSERT INTO Country VALUES ('Uruguay','UYU');
INSERT INTO Country VALUES ('Uzbekistan','UZS');
INSERT INTO Country VALUES ('Vanuatu','VUV');
INSERT INTO Country VALUES ('Bolivar','VEF');
INSERT INTO Country VALUES ('Viet Nam','VND');
INSERT INTO Country VALUES ('Virgin Islands, British','USD');
INSERT INTO Country VALUES ('Virgin Islands, U.S.','USD');
INSERT INTO Country VALUES ('Wallis And Futuna','XPF');
INSERT INTO Country VALUES ('Western Sahara','MAD');
INSERT INTO Country VALUES ('Yemen','YER');
INSERT INTO Country VALUES ('Zambia','ZMK');
INSERT INTO Country VALUES ('Zimbabwe','ZWD');

INSERT INTO UserAccount VALUES ('FounderFather', 'GeorgeWashington', 'georgeWashington@gmail.com', 'United States of America','cdahsi', '2019-01-01 00:00:01',CURRENT_TIMESTAMP);
INSERT INTO UserAccount VALUES ('MarieAntoinette', 'MarieAntoinette', 'marieAntoinette@gmail.com', 'France', 'aswvevb', '2019-01-01 00:00:01',CURRENT_TIMESTAMP);
INSERT INTO UserAccount VALUES ('SirStamfordRaffles', 'StamfordRaffles', 'raffles@gmail.com', 'Singapore', 'daoiend', '2019-01-01 00:00:01',CURRENT_TIMESTAMP);
INSERT INTO UserAccount VALUES ('ONobunaga', 'Oda Nobunaga', 'odaNobunaga@gmail.com', 'Japan', 'boendoa' ,'2019-01-01 00:00:01',CURRENT_TIMESTAMP);
INSERT INTO UserAccount VALUES ('Scientist', 'Albert Einstein', 'albertEinstein@gmail.com', 'Germany', 'mspxieg', '2019-01-01 00:00:01',CURRENT_TIMESTAMP);
INSERT INTO UserAccount VALUES ('SirWinstonChurchhill', 'Winston Churchhill', 'winstonChurchhill@gmail.com', 'United Kingdom', 'peidna', '2019-01-01 00:00:01',CURRENT_TIMESTAMP);
INSERT INTO UserAccount VALUES ('JohnDoe', 'John Doe', 'johndoe@gmail.com', 'United States of America', 'qpandugv', '2019-01-01 00:00:01',CURRENT_TIMESTAMP);
INSERT INTO UserAccount VALUES ('MaryJane', 'Mary Jane', 'maryJane@gmail.com', 'United States of America', 'cveug', '2019-01-01 00:00:01',CURRENT_TIMESTAMP);
INSERT INTO UserAccount VALUES ('MJ', 'Mary Jane', 'mj@gmail.com', 'United Kingdom', 'bopeodns', '2019-01-01 00:00:01',CURRENT_TIMESTAMP);
INSERT INTO UserAccount VALUES ('HenryToh', 'Henry Toh', 'henryToh@gmail.com', 'Singapore', 'flayeb', '2019-01-01 00:00:01',CURRENT_TIMESTAMP);
INSERT INTO UserAccount VALUES ('MarissaYeo', 'Marissa Yeo', 'marissaYeo@gmail.com', 'Singapore', 'qrxbai', '2019-01-01 00:00:01',CURRENT_TIMESTAMP);
INSERT INTO UserAccount VALUES ('HubertDubos', 'Hubert Dubos', 'HubertDubos@gmail.com', 'France', 'aldige', '2019-01-01 00:00:01',CURRENT_TIMESTAMP);
INSERT INTO UserAccount VALUES ('JacobLeBeau', 'Jacob LeBeau', 'JacobLeBeau@gmail.com', 'France', 'apcneidb', '2019-01-01 00:00:01',CURRENT_TIMESTAMP);
INSERT INTO UserAccount VALUES ('IvonnePreiss', 'Ivonne Preiss', 'IvonnePreiss@gmail.com', 'Germany', 'ciehun', '2019-01-01 00:00:01',CURRENT_TIMESTAMP);
/*INSERT INTO UserAccount VALUES ('AngelinaHöger', 'Angelina Höger', 'AngelinaHöger@gmail.com', 'Germany', 'ldkines', '2019-01-01 00:00:01',CURRENT_TIMESTAMP);*/
INSERT INTO UserAccount VALUES ('HirakawaDaichi', 'Hirakawa Daichi', 'HirakawaDaichi@gmail.com', 'Japan', 'kzbuei', '2019-01-01 00:00:01',CURRENT_TIMESTAMP);
INSERT INTO UserAccount VALUES ('KuroseMayu', 'Kurose Mayu', 'KuroseMayu@gmail.com', 'Japan', 'spdbuts', '2019-01-01 00:00:01',CURRENT_TIMESTAMP);

INSERT INTO Creator VALUES ('FounderFather', 'FutureLeaders');
INSERT INTO Creator VALUES ('MarieAntoinette', 'Royalty');
INSERT INTO Creator VALUES ('SirStamfordRaffles'/*, 'ExploringTheUnknown'*/);
INSERT INTO Creator VALUES ('ONobunaga', 'Fireworks');
INSERT INTO Creator VALUES ('Scientist', 'Academia');
INSERT INTO Creator VALUES ('SirWinstonChurchhill', 'Writers Guild');

INSERT INTO Funder VALUES ('JohnDoe', ARRAY['Comics & Illustration']);
INSERT INTO Funder VALUES ('MaryJane', ARRAY['Film', 'Comics & Illustration']);
INSERT INTO Funder VALUES ('MJ', ARRAY['Design & Tech']);
INSERT INTO Funder VALUES ('HenryToh', ARRAY['Games']);
INSERT INTO Funder VALUES ('MarissaYeo', ARRAY['Food & Craft', 'Film']);
INSERT INTO Funder VALUES ('MarieAntoinette', ARRAY['Arts', 'Music']);
INSERT INTO Funder VALUES ('SirStamfordRaffles', ARRAY['Design & Tech']);
INSERT INTO Funder VALUES ('HubertDubos', ARRAY['Food & Craft']);
INSERT INTO Funder VALUES ('JacobLeBeau', ARRAY['Publishing']);
INSERT INTO Funder VALUES ('IvonnePreiss', ARRAY['Publishing']);
/*INSERT INTO Funder VALUES ('AngelinaHöger', ARRAY['Food & Craft']);*/
INSERT INTO Funder VALUES ('HirakawaDaichi', ARRAY['Design & Tech']);
INSERT INTO Funder VALUES ('KuroseMayu', ARRAY['Music', 'Film']);

INSERT INTO Projects VALUES (0001, 'Scientist', 'Research Project X', 'Design & Tech', '' ,'Germany', '2019-01-01 00:00:01', 0);
INSERT INTO Projects VALUES (0002, 'SirWinstonChurchhill', 'Video Broadcast', 'Film', '' ,'United Kingdom', '2019-01-01 00:00:01', 0);
INSERT INTO Projects VALUES (0003, 'SirStamfordRaffles', 'Plant Biology Book', 'Publishing','', 'Singapore', '2019-01-01 00:00:01', 0);
INSERT INTO Projects VALUES (0004, 'Scientist', 'Research Project Y', 'Design & Tech','', 'Germany', '2019-01-01 00:00:01', 0);
INSERT INTO Projects VALUES (0005, 'MarieAntoinette', 'Art Gallery Launch', 'Arts','', 'France', '2019-01-01 00:00:01', 0);
INSERT INTO Projects VALUES (0006, 'ONobunaga', 'New Fireworks Product', 'Food & Craft','', 'Japan', '2019-01-01 00:00:01', 0);
INSERT INTO Projects VALUES (0007, 'Scientist', 'Research Project Z', 'Design & Tech','', 'Germany', '2019-01-01 00:00:01', 0);
INSERT INTO Projects VALUES (0008, 'SirStamfordRaffles', 'Animal Book', 'Publishing','', 'Singapore', '2019-01-01 00:00:01', 0);

INSERT INTO History VALUES (0001, 'Ongoing', '2019-05-01 00:00:01', 1000, CURRENT_TIMESTAMP);
INSERT INTO History VALUES (0002, 'Ongoing', '2019-05-01 00:00:01', 2000, CURRENT_TIMESTAMP);
INSERT INTO History VALUES (0003, 'Ongoing', '2019-05-01 00:00:01', 3000, CURRENT_TIMESTAMP);
INSERT INTO History VALUES (0004, 'Ongoing', '2019-05-01 00:00:01', 4000, CURRENT_TIMESTAMP);
INSERT INTO History VALUES (0005, 'Ongoing', '2019-05-01 00:00:01', 5000, CURRENT_TIMESTAMP);
INSERT INTO History VALUES (0006, 'Ongoing', '2019-05-01 00:00:01', 6000, CURRENT_TIMESTAMP);
INSERT INTO History VALUES (0007, 'Ongoing', '2019-05-01 00:00:01', 7000, CURRENT_TIMESTAMP);
/** Closed means the creator decided to shut down the project prematurely
INSERT INTO History VALUES (0003, 'Closed', '2019-05-01 00:00:01', 3000, CURRENT_TIMESTAMP);
*/
/*
test for extended enddate
*/
INSERT INTO History VALUES (0003, 'Ongoing', '2019-10-01 00:00:01', 3000, CURRENT_TIMESTAMP);
INSERT INTO History VALUES (0004, 'Ongoing', '2019-10-01 00:00:01', 3000, CURRENT_TIMESTAMP);
INSERT INTO History VALUES (0003, 'Ongoing', '2019-10-01 00:00:01', 1000, CURRENT_TIMESTAMP);


INSERT INTO Comments VALUES (0001, 'HirakawaDaichi', 'xxx', '2019-03-01 00:00:01');
INSERT INTO Comments VALUES (0001, 'Scientist', 'yyy', '2019-03-02 00:00:01');
INSERT INTO Comments VALUES (0002, 'JacobLeBeau', 'xxx', '2019-03-01 00:00:01');
INSERT INTO Comments VALUES (0003, 'KuroseMayu', 'xxx', '2019-03-01 00:00:01');
INSERT INTO Comments VALUES (0004, 'MarissaYeo', 'xxx', '2019-03-01 00:00:01');
INSERT INTO Comments VALUES (0005, 'MarissaYeo', 'xxx', '2019-03-01 00:00:01');
INSERT INTO Comments VALUES (0005, 'MarieAntoinette', 'yyy', '2019-03-02 00:00:01');
INSERT INTO Comments VALUES (0006, 'IvonnePreiss', 'xxx', '2019-03-01 00:00:01');
INSERT INTO Comments VALUES (0007, 'HenryToh', 'xxx', '2019-03-01 00:00:01');
INSERT INTO Comments VALUES (0001, 'HirakawaDaichi', 'zzz', '2019-03-03 00:00:01');

INSERT INTO Media VALUES (0001, 'ma', 'da', 'linka');
INSERT INTO Media VALUES (0002, 'mb', 'db', 'linkb');
INSERT INTO Media VALUES (0003, 'mc', 'dc', 'linkc');
INSERT INTO Media VALUES (0004, 'ma', 'dd', 'linkd');
INSERT INTO Media VALUES (0005, 'ma', 'de', 'linke');
INSERT INTO Media VALUES (0006, 'mb', 'df', 'linkb');

INSERT INTO Shipping_info VALUES (0001, 'United Kingdom', CURRENT_TIMESTAMP);
INSERT INTO Shipping_info VALUES (0001, 'Japan', CURRENT_TIMESTAMP);
INSERT INTO Shipping_info VALUES (0002, 'France', CURRENT_TIMESTAMP);
INSERT INTO Shipping_info VALUES (0002, 'Singapore', CURRENT_TIMESTAMP);
INSERT INTO Shipping_info VALUES (0003, 'Germany', CURRENT_TIMESTAMP);
INSERT INTO Shipping_info VALUES (0004, 'United States of America', CURRENT_TIMESTAMP);
INSERT INTO Shipping_info VALUES (0005, 'Germany', CURRENT_TIMESTAMP);
INSERT INTO Shipping_info VALUES (0005, 'United Kingdom', CURRENT_TIMESTAMP);
INSERT INTO Shipping_info VALUES (0005, 'Netherlands', CURRENT_TIMESTAMP);
INSERT INTO Shipping_info VALUES (0005, 'France', CURRENT_TIMESTAMP);
INSERT INTO Shipping_info VALUES (0005, 'Japan', CURRENT_TIMESTAMP);
INSERT INTO Shipping_info VALUES (0006, 'Germany', CURRENT_TIMESTAMP);
INSERT INTO Shipping_info VALUES (0007, 'Singapore', CURRENT_TIMESTAMP);
/* 0008 is not present in project id
INSERT INTO Shipping_info VALUES (0008, 'United Kingdom', CURRENT_TIMESTAMP);*/

INSERT INTO Pledges VALUES (0001, 'HirakawaDaichi', 250, '2019-03-03 00:00:01');
INSERT INTO Pledges VALUES (0001, 'MJ', 200, '2019-03-03 00:00:01');
INSERT INTO Pledges VALUES (0001, 'SirStamfordRaffles', 750, '2019-03-03 00:00:01');
INSERT INTO Pledges VALUES (0002, 'MarieAntoinette', 300, '2019-03-03 00:00:01');
INSERT INTO Pledges VALUES (0003, 'JacobLeBeau', 200, '2019-03-03 00:00:01');
INSERT INTO Pledges VALUES (0003, 'IvonnePreiss', 200, '2019-03-03 00:00:01');
INSERT INTO Pledges VALUES (0004, 'HirakawaDaichi', 250,'2019-03-03 00:00:01');
INSERT INTO Pledges VALUES (0005, 'MarissaYeo', 300, '2019-03-03 00:00:01');
/*INSERT INTO Pledges VALUES (0006, 'AngelinaHöger', 300, '2019-03-03 00:00:01');*/
INSERT INTO Pledges VALUES (0007, 'HirakawaDaichi', 250, '2019-03-03 00:00:01');

INSERT INTO Follows VALUES (0001, 'HirakawaDaichi');
INSERT INTO Follows VALUES (0001, 'MJ');
INSERT INTO Follows VALUES (0001, 'SirStamfordRaffles');
INSERT INTO Follows VALUES (0002, 'JacobLeBeau');
INSERT INTO Follows VALUES (0003, 'MarieAntoinette');
INSERT INTO Follows VALUES (0004, 'HirakawaDaichi');
INSERT INTO Follows VALUES (0005, 'MarissaYeo');
/*INSERT INTO Follows VALUES (0006, 'AngelinaHöger');*/
INSERT INTO Follows VALUES (0007, 'HirakawaDaichi');
INSERT INTO Follows VALUES (0007, 'MJ');

INSERT INTO Rates VALUES ('HirakawaDaichi', 0001, 4.0);
INSERT INTO Rates VALUES ('HirakawaDaichi', 0004, 4.1);
INSERT INTO Rates VALUES ('HirakawaDaichi', 0007, 4.3);
INSERT INTO Rates VALUES ('MJ', 0001, 3.7);
INSERT INTO Rates VALUES ('SirStamfordRaffles', 0001, 3.5);
INSERT INTO Rates VALUES ('IvonnePreiss', 0003, 1.0);
INSERT INTO Rates VALUES ('JacobLeBeau', 0003, 3.2);
INSERT INTO Rates VALUES ('MarissaYeo', 0003, 1.2);
INSERT INTO Rates VALUES ('MarissaYeo', 0005, 3.4);
INSERT INTO Rates VALUES ('MarissaYeo', 0008, 5.0);
/*INSERT INTO Rates VALUES ('AngelinaHöger', 0006, 3.9);*/

INSERT INTO Tags VALUES ('Scientist', 0001, 'xxx');
INSERT INTO Tags VALUES ('Scientist', 0001, 'yyy');
INSERT INTO Tags VALUES ('SirStamfordRaffles', 0003, 'zzz');

/*
INSERT INTO Currency VALUES ('SGD','Singapore');
INSERT INTO Currency VALUES ('USD','United States of America');
INSERT INTO Currency VALUES ('EUR','France','Germany','Netherlands');
INSERT INTO Currency VALUES ('EUR','Germany');
INSERT INTO Currency VALUES ('JPY','Japan');
INSERT INTO Currency VALUES ('EUR','Netherlands');
INSERT INTO Currency VALUES ('GBP','United Kingdom');
*/

INSERT INTO CurrencyPair VALUES ('SGD', 'USD', 0.73);
INSERT INTO CurrencyPair VALUES ('SGD', 'EUR', 0.66);
INSERT INTO CurrencyPair VALUES ('SGD', 'JPY', 79.45);
INSERT INTO CurrencyPair VALUES ('SGD', 'GBP', 0.56);
INSERT INTO CurrencyPair VALUES ('USD', 'SGD', 1.36);
INSERT INTO CurrencyPair VALUES ('USD', 'EUR', 0.9);
INSERT INTO CurrencyPair VALUES ('USD', 'JPY', 108.41);
INSERT INTO CurrencyPair VALUES ('USD', 'GBP', 0.77);
INSERT INTO CurrencyPair VALUES ('EUR', 'SGD', 1.52);
INSERT INTO CurrencyPair VALUES ('EUR', 'USD', 1.12);
INSERT INTO CurrencyPair VALUES ('EUR', 'JPY', 121.03);
INSERT INTO CurrencyPair VALUES ('EUR', 'GBP', 0.86);
INSERT INTO CurrencyPair VALUES ('JPY', 'SGD', 0.013);
INSERT INTO CurrencyPair VALUES ('JPY', 'EUR', 0.0083);
INSERT INTO CurrencyPair VALUES ('JPY', 'USD', 0.0092);
INSERT INTO CurrencyPair VALUES ('JPY', 'GBP', 0.0071);
INSERT INTO CurrencyPair VALUES ('GBP', 'SGD', 1.77);
INSERT INTO CurrencyPair VALUES ('GBP', 'EUR', 1.16);
INSERT INTO CurrencyPair VALUES ('GBP', 'JPY', 140.62);
INSERT INTO CurrencyPair VALUES ('GBP', 'USD', 1.30);


/* negative test case*/
INSERT INTO Pledges VALUES (0007, 'SirStamfordRaffles', 250, '2019-03-03 00:00:01');
INSERT INTO CurrencyPair VALUES ('ASC', 'AEV', 1.24);
